<?xml version="1.0" encoding="UTF-8"?>
<facelet-taglib version="2.2" 
                xmlns="http://xmlns.jcp.org/xml/ns/javaee" 
                xmlns:xsi="http://www.w3.org/2001/XMLSchema-instance"
                xsi:schemaLocation="http://xmlns.jcp.org/xml/ns/javaee http://xmlns.jcp.org/xml/ns/javaee/web-facelettaglibrary_2_2.xsd">
    <namespace>http://dukesbookstore</namespace>
    <tag>
        <tag-name>area</tag-name>
        <component>
            <component-type>DemoArea</component-type>
            <renderer-type>DemoArea</renderer-type>
        </component>
    </tag>
    <tag>
        <tag-name>map</tag-name>
        <component>
            <component-type>DemoMap</component-type>
            <renderer-type>DemoMap</renderer-type>
        </component>
    </tag>
</facelet-taglib>
